Target,Spelling,Code,Semester,Level,Grade,
favorite,favtit,1.1,Sp 17,Early Within Word Pattern,1,
throw,thow,1.1,Sp 17,Early Within Word Pattern,1,
catch,cach,1.1,Sp 17,Early Within Word Pattern,1,
touchdown,tuchdone,1.1,Sp 17,Early Within Word Pattern,1,
dance,dans,1.1,Sp 17,Early Within Word Pattern,1,
villager,villajg,1.1,Sp 17,Early Within Word Pattern,1,
puts,pots,1.1,Sp 17,Early Within Word Pattern,1,
cabbage,cadig,1.1,Sp 17,Early Within Word Pattern,1,
carrot,carit,1.1,Sp 17,Early Within Word Pattern,1,
smells,smels,1.1,Sp 17,Early Within Word Pattern,1,
stone,ston,1.1,Sp 17,Early Within Word Pattern,1,
soup,soop,1.1,Sp 17,Early Within Word Pattern,1,
magic,magick,1.1,Sp 17,Early Within Word Pattern,1,
Johnson,Jonsun,1.1,Sp 17,Early Within Word Pattern,1,
full,fol,1.1,Sp 17,Early Within Word Pattern,1,
court,korts,1.1,Sp 17,Early Within Word Pattern,1,
half,haf,1.1,Sp 17,Early Within Word Pattern,1,
court,korts,1.1,Sp 17,Early Within Word Pattern,1,
Lakers,Lackrs,1.1,Sp 17,Early Within Word Pattern,1,
scooped,scoot,1.1,Sp 17,Early Within Word Pattern,1,
gasped,gast,1.1,Sp 17,Early Within Word Pattern,1,
charged,chard,1.1,Sp 17,Early Within Word Pattern,1,
crazy,crassy,1.1,Sp 17,Early Within Word Pattern,1,
exploded,xspladed,1.1,Sp 17,Early Within Word Pattern,1,
was,wus,1.1,Sp 17,Early Within Word Pattern,1,
was,wus,1.1,Sp 17,Early Within Word Pattern,1,
first,frst,1.1,Sp 17,Early Within Word Pattern,1,
teddy,tedye,1.1,Sp 17,Early Within Word Pattern,1,
teddy,tedye,1.1,Sp 17,Early Within Word Pattern,1,
picture,picher,1.1,Sp 17,Early Within Word Pattern,1,
when,whant,1.1,Sp 17,Early Within Word Pattern,1,
picture,piecher,1.1,Sp 17,Early Within Word Pattern,1,
probably,probly,1.1,Sp 17,Early Within Word Pattern,1,
teddy,tedyear,1.1,Sp 17,Early Within Word Pattern,1,
go,og,1.1,Sp 17,Early Within Word Pattern,1,
first,frst,1.1,Sp 17,Early Within Word Pattern,1,
teddy bear,tedeeber,1.1,Sp 17,Early Within Word Pattern,1,
library,librareay,1.1,Sp 17,Early Within Word Pattern,1,
ground,gound,1.1,Sp 17,Early Within Word Pattern,1,
they,thay,1.1,Sp 17,Early Within Word Pattern,1,
eggs,egs,1.1,Sp 17,Early Within Word Pattern,1,
muffin,mufin,1.1,Sp 17,Early Within Word Pattern,1,
because,becuse,1.1,Sp18,middle Within Word Pattern,2,
tastes,tasts,1.1,Sp18,middle Within Word Pattern,2,
chocolate,choclete,1.1,Sp18,middle Within Word Pattern,2,
cookies,cooice,1.1,Sp18,middle Within Word Pattern,2,
delicious,delecious,1.1,Sp18,middle Within Word Pattern,2,
infinite,infinit,1.1,Sp18,middle Within Word Pattern,2,
cookie,coockie,1.1,Sp18,middle Within Word Pattern,2,
marvelous,marvills,1.1,Sp18,middle Within Word Pattern,2,
peanut butter,punat butter,1.1,Sp18,middle Within Word Pattern,2,
chocolate,cockotate,1.1,Sp18,middle Within Word Pattern,2,
mouth,mowth,1.1,Sp18,middle Within Word Pattern,2,
alien,aellien,1.1,Sp18,middle Within Word Pattern,2,
shouted,shautd,1.1,Sp18,middle Within Word Pattern,2,
spacecraft,spacecrafe,1.1,Sp18,middle Within Word Pattern,2,
alien,aellien,1.1,Sp18,middle Within Word Pattern,2,
fought,fote,1.1,Sp18,middle Within Word Pattern,2,
shot,sot,1.1,Sp18,middle Within Word Pattern,2,
reached,recshed,1.1,Sp18,middle Within Word Pattern,2,
with,wheth,1.11,F17,early within word pattern,2,
my ,may,1.11,F17,early within word pattern,2,
brother,bother,1.11,F17,early within word pattern,2,
games,gams,1.11,F17,early within word pattern,2,
the,tha,1.11,F17,early within word pattern,2,
computer,cumpiter,1.11,F17,early within word pattern,2,
with,wheth,1.11,F17,early within word pattern,2,
my ,may,1.11,F17,early within word pattern,2,
family,famoly,1.11,F17,early within word pattern,2,
girl,grol,1.11,F17,early within word pattern,2,
name,nam,1.11,F17,early within word pattern,2,
puppies,popis,1.11,F17,early within word pattern,2,
with,weth,1.11,F17,early within word pattern,2,
the,tha,1.11,F17,early within word pattern,2,
screamed,scrind,1.11,F17,early within word pattern,2,
throw,thro,1.11,F17,early within word pattern,2,
when,wen,1.11,F17,early within word pattern,2,
becasue,bicos,1.11,F17,early within word pattern,2,
got,gut,1.11,F17,early within word pattern,2,
me,mi ,1.11,F17,early within word pattern,2,
write,rit,1.11,F17,early within word pattern,2,
with,wheth,1.11,F17,early within word pattern,2,
my ,may,1.11,F17,early within word pattern,2,
do not,dunot,1.11,F17,early within word pattern,2,
like,lac,1.11,F17,early within word pattern,2,
better,beter,1.11,F17,early within word pattern,2,
strawberries,stoveris,1.11,F17,early within word pattern,2,
delicious,deleshes,1.11,F17,early within word pattern,2,
fox,focx,1.11,F17,early within word pattern,2,
the,tha,1.11,F17,early within word pattern,2,
come in,comen,1.11,F17,early within word pattern,2,
my ,may,1.11,F17,early within word pattern,2,
life,lif,1.11,F17,early within word pattern,2,
doctor,dctor,1.11,F17,early within word pattern,2,
the,tha,1.11,F17,early within word pattern,2,
said,sed,1.11,F17,early within word pattern,2,
my ,may,1.11,F17,early within word pattern,2,
my ,may,1.11,Sp17,middle letter-name alphabetic,1,
sister,sester,1.11,Sp17,middle letter-name alphabetic,1,
my ,may,1.11,Sp17,middle letter-name alphabetic,1,
brother,brater,1.11,Sp17,middle letter-name alphabetic,1,
my ,may,1.11,Sp17,middle letter-name alphabetic,1,
cousin,cosen,1.11,Sp17,middle letter-name alphabetic,1,
friends,frenz,1.11,Sp17,middle letter-name alphabetic,1,
sometimes,samtams,1.11,Sp17,middle letter-name alphabetic,1,
visits,vesets,1.11,Sp17,middle letter-name alphabetic,1,
me,mi ,1.11,Sp17,middle letter-name alphabetic,1,
because,bicas,1.11,Sp17,middle letter-name alphabetic,1,
my ,may,1.11,Sp17,middle letter-name alphabetic,1,
she,shi,1.11,Sp17,middle letter-name alphabetic,1,
ride,riad,1.11,Sp17,middle letter-name alphabetic,1,
bikes,bikse,1.11,Sp17,middle letter-name alphabetic,1,
brought,brot,1.11,Sp17,middle letter-name alphabetic,1,
because,bicas,1.11,Sp17,middle letter-name alphabetic,1,
they,thay,1.11,Sp17,middle letter-name alphabetic,1,
with,weth,1.11,Sp17,middle letter-name alphabetic,1,
everything,evirthing,1.11,Sp17,middle letter-name alphabetic,1,
about,abat,1.11,Sp17,middle letter-name alphabetic,1,
my ,may,1.11,Sp17,middle letter-name alphabetic,1,
family,famelli,1.11,Sp17,middle letter-name alphabetic,1,
friends,frends,1.11,Sp17,middle letter-name alphabetic,1,
because,becus,1.11,Sp17,middle letter-name alphabetic,1,
they,thay,1.11,Sp17,middle letter-name alphabetic,1,
my ,may,1.11,Sp17,middle letter-name alphabetic,1,
uses,yus,1.11,Sp17,middle letter-name alphabetic,1,
girl,grol,1.11,Sp17,middle letter-name alphabetic,1,
girlfriend,gofrend,1.11,Sp17,middle letter-name alphabetic,1,
teacher,tichor,1.11,Sp18,middle letter name-alphabetic,2,
kindergarten,kindirgartin,1.11,Sp18,middle letter name-alphabetic,2,
so,sow,1.11,Sp18,middle letter name-alphabetic,2,
can,cen,1.11,Sp18,middle letter name-alphabetic,2,
teach them,techden,1.11,Sp18,middle letter name-alphabetic,2,
about,adawt,1.11,Sp18,middle letter name-alphabetic,2,
water,watir,1.11,Sp18,middle letter name-alphabetic,2,
could,coud,1.11,Sp18,middle letter name-alphabetic,2,
super,supor,1.11,Sp18,middle letter name-alphabetic,2,
hero,hirow,1.11,Sp18,middle letter name-alphabetic,2,
so,sow,1.11,Sp18,middle letter name-alphabetic,2,
someone,somwan,1.11,Sp18,middle letter name-alphabetic,2,
needs,nids,1.11,Sp18,middle letter name-alphabetic,2,
can,cen,1.11,Sp18,middle letter name-alphabetic,2,
her,hir,1.11,Sp18,middle letter name-alphabetic,2,
world,war,1.11,Sp18,middle letter name-alphabetic,2,
catch,cach,1.11,Sp18,middle letter name-alphabetic,2,
on,en,1.11,Sp18,middle letter name-alphabetic,2,
fire,fiyor,1.11,Sp18,middle letter name-alphabetic,2,
favorite,favurite,1.11,Sp18,middle letter name-alphabetic,2,
fair,fer,1.11,Sp18,middle letter name-alphabetic,2,
so,sow,1.11,Sp18,middle letter name-alphabetic,2,
can,cen,1.11,Sp18,middle letter name-alphabetic,2,
go on,gowen,1.11,Sp18,middle letter name-alphabetic,2,
rides,rids,1.11,Sp18,middle letter name-alphabetic,2,
when,win,1.11,Sp18,middle letter name-alphabetic,2,
stuffed,stof,1.11,Sp18,middle letter name-alphabetic,2,
animals,anamols,1.11,Sp18,middle letter name-alphabetic,2,
didn't,dident,1.11,Sp18,middle letter name-alphabetic,2,
go,gow,1.11,Sp18,middle letter name-alphabetic,2,
ride,rad,1.11,Sp18,middle letter name-alphabetic,2,
that,tat,1.11,Sp18,middle letter name-alphabetic,2,
go,gow,1.11,Sp18,middle letter name-alphabetic,2,
on ,en,1.11,Sp18,middle letter name-alphabetic,2,
the,tha,1.11,Sp18,middle letter name-alphabetic,2,
ride,rad,1.11,Sp18,middle letter name-alphabetic,2,
go,gow,1.11,Sp18,middle letter name-alphabetic,2,
see,si,1.11,Sp18,middle letter name-alphabetic,2,
some,som,1.11,Sp18,middle letter name-alphabetic,2,
camping,campling,1.11,Sp18,middle letter name-alphabetic,2,
so,sow,1.11,Sp18,middle letter name-alphabetic,2,
bunnies,donis,1.11,Sp18,middle letter name-alphabetic,2,
keep,cip,1.11,Sp18,middle letter name-alphabetic,2,
one,won,1.11,Sp18,middle letter name-alphabetic,2,
maybe,mavi,1.11,Sp18,middle letter name-alphabetic,2,
sweep,sweap,1.11,Sp18,middle letter name-alphabetic,2,
cheese,chees,1.11,Sp18,middle letter name-alphabetic,2,
tree,teri,1.11,Sp18,middle letter name-alphabetic,2,
bell,beal,1.11,Sp18,middle letter name-alphabetic,2,
wheel,wheal,1.11,Sp18,middle letter name-alphabetic,2,
sled,slead,1.11,Sp18,middle letter name-alphabetic,2,
sled,sleed,1.11,Sp18,middle letter name-alphabetic,2,
flip,fleep,1.11,Sp18,middle letter name-alphabetic,2,
sweet,sweat,1.11,Sp18,middle letter name-alphabetic,2,
bright,breat,1.11,Sp18,middle letter name-alphabetic,2,
head,hed,1.11,Sp18,middle letter name-alphabetic,2,
bread,bred,1.11,Sp18,middle letter name-alphabetic,2,
spill,spel,1.11,Sp18,middle letter name-alphabetic,2,
sick,sek,1.11,Sp18,middle letter name-alphabetic,2,
slide,slied,1.11,Sp18,middle letter name-alphabetic,2,
tie,tiy,1.11,Sp18,middle letter name-alphabetic,2,
why,wy,1.11,Sp18,middle letter name-alphabetic,2,
dream,grem,1.11,Sp18,middle letter name-alphabetic,2,
street,strit,1.11,Sp18,middle letter name-alphabetic,2,
they,thay,1.11,Sp18,middle letter name-alphabetic,2,
its,itz,1.11,Sp18,middle letter name-alphabetic,2,
my ,may,1.11,Sp18,middle letter name-alphabetic,2,
their,therr,1.11,Sp18,middle letter name-alphabetic,2,
they,day,1.11,Sp18,middle letter name-alphabetic,2,
change,chanch,1.11,Sp18,middle letter name-alphabetic,2,
the,tha,1.11,Sp18,middle letter name-alphabetic,2,
bell,bel,1.11,Sp18,middle letter name-alphabetic,2,
already,oridi,1.11,Sp18,middle letter name-alphabetic,2,
it's ,es,1.11,Sp18,middle letter name-alphabetic,2,
time,tam,1.11,Sp18,middle letter name-alphabetic,2,
go,gou,1.11,Sp18,middle letter name-alphabetic,2,
class,clas,1.11,Sp18,middle letter name-alphabetic,2,
so,sow,1.11,Sp18,middle letter name-alphabetic,2,
purple,prepol,1.11,Sp18,middle letter name-alphabetic,2,
lips,leps,1.11,Sp18,middle letter name-alphabetic,2,
have,hav,1.11,Sp18,middle letter name-alphabetic,2,
purple,perpol,1.11,Sp18,middle letter name-alphabetic,2,
eyelashes,ilashes,1.11,Sp18,middle letter name-alphabetic,2,
so,sow,1.11,Sp18,middle letter name-alphabetic,2,
costume,costum,1.11,Sp18,middle letter name-alphabetic,2,
my ,may,1.11,Sp18,middle letter name-alphabetic,2,
costume,costum,1.11,Sp18,middle letter name-alphabetic,2,
Ivy,ive,1.11,Sp18,middle letter name-alphabetic,2,
descendants,desendens,1.11,Sp18,middle letter name-alphabetic,2,
gives,gevs,1.11,Sp18,middle letter name-alphabetic,2,
some,som,1.11,Sp18,middle letter name-alphabetic,2,
gives,gevs,1.11,Sp18,middle letter name-alphabetic,2,
me,mi ,1.11,Sp18,middle letter name-alphabetic,2,
lollipop,lolipop,1.11,Sp18,middle letter name-alphabetic,2,
this,thes,1.11,Sp18,middle letter name-alphabetic,2,
made,mad,1.11,Sp18,middle letter name-alphabetic,2,
me,mi ,1.11,Sp18,middle letter name-alphabetic,2,
smile,smayol,1.11,Sp18,middle letter name-alphabetic,2,
teacher,ticher,1.11,Sp18,middle letter name-alphabetic,2,
brought,drot,1.11,Sp18,middle letter name-alphabetic,2,
some,som,1.11,Sp18,middle letter name-alphabetic,2,
pizza,pitzza,1.11,Sp18,middle letter name-alphabetic,2,
the,tha,1.11,Sp18,middle letter name-alphabetic,2,
room,rum,1.11,Sp18,middle letter name-alphabetic,2,
smell,smel,1.11,Sp18,middle letter name-alphabetic,2,
delicious,dileshes,1.11,Sp18,middle letter name-alphabetic,2,
made,mad,1.11,Sp18,middle letter name-alphabetic,2,
me,mi ,1.11,Sp18,middle letter name-alphabetic,2,
lion,lien,1.11,Sp18,middle letter name-alphabetic,2,
king,cing,1.11,Sp18,middle letter name-alphabetic,2,
same,sem,1.11,Sp18,middle letter name-alphabetic,2,
time,tim,1.11,Sp18,middle letter name-alphabetic,2,
happy,hapy,1.11,Sp18,middle letter name-alphabetic,2,
other,oder,1.11,Sp18,middle letter name-alphabetic,2,
classrooms,clasrums,1.11,Sp18,middle letter name-alphabetic,2,
there,ther,1.11,Sp18,middle letter name-alphabetic,2,
were,wer,1.11,Sp18,middle letter name-alphabetic,2,
with,weth,1.11,Sp18,middle letter name-alphabetic,2,
costume,costum,1.11,Sp18,middle letter name-alphabetic,2,
me,mi ,1.11,Sp18,middle letter name-alphabetic,2,
my ,may,1.11,Sp18,middle letter name-alphabetic,2,
friends,frins,1.11,Sp18,middle letter name-alphabetic,2,
feel,fil,1.11,Sp18,middle letter name-alphabetic,2,
go,gou,1.11,Sp18,middle letter name-alphabetic,2,
the,tha,1.11,Sp18,middle letter name-alphabetic,2,
house,hows,1.11,Sp18,middle letter name-alphabetic,2,
so,sow,1.11,Sp18,middle letter name-alphabetic,2,
gives,gevs,1.11,Sp18,middle letter name-alphabetic,2,
me,mi ,1.11,Sp18,middle letter name-alphabetic,2,
home,hom,1.11,Sp18,middle letter name-alphabetic,2,
trick-or-treating,trecotriding,1.11,Sp18,middle letter name-alphabetic,2,
with,weth,1.11,Sp18,middle letter name-alphabetic,2,
my ,may,1.11,Sp18,middle letter name-alphabetic,2,
friends,frins,1.11,Sp18,middle letter name-alphabetic,2,
my ,may,1.11,Sp18,middle letter name-alphabetic,2,
family,famoly,1.11,Sp18,middle letter name-alphabetic,2,
hug,hog,1.11,Sp18,middle letter name-alphabetic,2,
tight,tit,1.11,Sp18,middle letter name-alphabetic,2,
school,schoal,1.11,Sp18,middle letter name-alphabetic,2,
can,cin,1.11,Sp18,middle letter name-alphabetic,2,
had,haded,1.13,F17,middle within word pattern,3,
would,whoud,1.13,F17,middle within word pattern,3,
hair,hire,1.13,F17,middle within word pattern,3,
hair,hire,1.13,F17,middle within word pattern,3,
who,how,1.13,F17,middle within word pattern,3,
does,dose,1.13,F17,middle within word pattern,3,
dumb,dume,1.13,F17,middle within word pattern,3,
still,stell,1.13,F17,middle within word pattern,3,
answer,anser,1.13,F17,middle within word pattern,3,
question,quasion,1.13,F17,middle within word pattern,3,
composed,compoused,1.13,F17,middle within word pattern,3,
ring,riag,1.13,F17,middle within word pattern,3,
teacher,therecer,1.13,F17,middle within word pattern,3,
figure,feger,1.13,F17,middle within word pattern,3,
there,ther,1.13,F17,middle within word pattern,3,
would,whoud,1.13,F17,middle within word pattern,3,
figure,figer,1.13,F17,middle within word pattern,3,
wrote,whore,1.13,F17,middle within word pattern,3,
scratches,scaches,1.13,F18,late within word pattern ,4,
trapped,traped,1.13,F18,late within word pattern ,4,
awesome,awsome,1.13,F18,late within word pattern ,4,
everything,eveything,1.13,F18,late within word pattern ,4,
really,relly,1.13,F18,late within word pattern ,4,
got,gut,1.13,Sp17,early Within Word Pattern,2,
friend,frind,1.13,Sp17,early Within Word Pattern,2,
climbed,clamed,1.13,Sp17,early Within Word Pattern,2,
friend,frind,1.13,Sp17,early Within Word Pattern,2,
could,codd,1.13,Sp17,early Within Word Pattern,2,
friend,frind,1.13,Sp17,early Within Word Pattern,2,
scared,skard,1.13,Sp17,early Within Word Pattern,2,
climbed,clamed,1.13,Sp17,early Within Word Pattern,2,
a lot,a lout,1.13,Sp17,early Within Word Pattern,2,
a lot,a lout,1.13,Sp17,early Within Word Pattern,2,
favorite,faviort,1.13,Sp18,early Syllables and Affixes ,3,
rectangle,rictengal,1.13,Sp18,early Syllables and Affixes ,3,
chocolate,choclat,1.13,Sp18,early Syllables and Affixes ,3,
pumpkin,pupkin,1.14,F17,early within word pattern,3,
house,hous,1.14,F17,early within word pattern,3,
house,hous,1.14,F17,early within word pattern,3,
halloween,halewen,1.14,F17,early within word pattern,3,
halloween,halewen,1.14,F17,early within word pattern,3,
friend,frend,1.14,F17,early within word pattern,3,
brother,brothe,1.14,F17,early within word pattern,3,
house,hous,1.14,F17,early within word pattern,3,
girl,girel,1.14,F17,early within word pattern,3,
sitting,siting,1.14,F17,early within word pattern,3,
costume,custome,1.14,F17,early within word pattern,3,
friends,frends,1.14,F17,early within word pattern,3,
costume,custome,1.14,F17,early within word pattern,3,
reaper,repe,1.14,F17,early within word pattern,3,
when,wen,1.14,F17,early within word pattern,3,
year,yer,1.14,F17,early within word pattern,3,
halloween,hallewen,1.14,F17,early within word pattern,3,
plastic,plastik,1.14,F17,early within word pattern,3,
friend,frend,1.14,F17,early within word pattern,3,
halloween,Halleween,1.14,F17,early within word pattern,3,
comes,coms,1.14,F17,early within word pattern,3,
house,hous,1.14,F17,early within word pattern,3,
dead,ded,1.14,F17,early within word pattern,3,
blood,blod,1.14,F17,early within word pattern,3,
when,wen,1.14,F17,early within word pattern,3,
asked,axed,1.14,F17,early within word pattern,3,
could,cood,1.14,F17,early within word pattern,3,
use,yoos,1.14,F17,early within word pattern,3,
said,sed,1.14,F17,early within word pattern,3,
broke,brock,1.14,F17,early within word pattern,3,
her,here,1.14,F17,early within word pattern,3,
said,sed,1.14,F17,early within word pattern,3,
whatever,watever,1.14,F17,early within word pattern,3,
ripped,riped,1.14,F17,early within word pattern,3,
head,hed,1.14,F17,early within word pattern,3,
what,wat,1.14,F17,early within word pattern,3,
would,wood,1.14,F17,early within word pattern,3,
thought,thot,1.14,F17,early within word pattern,3,
guess,ges,1.14,F17,early within word pattern,3,
missed,mised,1.14,F17,early within word pattern,3,
spike,spieck,1.14,Sp17,late Letter Name-- Alphabetic,2,
spike,spieck,1.14,Sp17,late Letter Name-- Alphabetic,2,
people,pople,1.14,Sp17,late Letter Name-- Alphabetic,2,
planet,planit,1.14,Sp17,late Letter Name-- Alphabetic,2,
fries,frice,1.14,Sp17,late Letter Name-- Alphabetic,2,
sauce,sos,1.14,Sp17,late Letter Name-- Alphabetic,2,
they,thay,1.14,Sp17,late Letter Name-- Alphabetic,2,
waffle,wofol,1.14,Sp17,late Letter Name-- Alphabetic,2,
salt,solt,1.14,Sp17,late Letter Name-- Alphabetic,2,
different ,difrint,1.14,Sp17,late Letter Name-- Alphabetic,2,
colors,culers,1.14,Sp17,late Letter Name-- Alphabetic,2,
put,poot,1.14,Sp17,late Letter Name-- Alphabetic,2,
marble,marbols,1.14,Sp17,late Letter Name-- Alphabetic,2,
raisin,raisan,1.14,Sp17,late Letter Name-- Alphabetic,2,
inside,insid,1.14,Sp17,late Letter Name-- Alphabetic,2,
taste,tast,1.14,Sp17,late Letter Name-- Alphabetic,2,
lemon,lemen,1.14,Sp17,late Letter Name-- Alphabetic,2,
each,ech,1.14,Sp17,late Letter Name-- Alphabetic,2,
color,caler,1.14,Sp17,late Letter Name-- Alphabetic,2,
different ,difrent,1.14,Sp17,late Letter Name-- Alphabetic,2,
like,lik,1.14,Sp17,late Letter Name-- Alphabetic,2,
friends,frirends,1.14,Sp17,late Letter Name-- Alphabetic,2,
want,wont,1.14,Sp17,late Letter Name-- Alphabetic,2,
ice-cream,ice-crem,1.14,Sp17,late Letter Name-- Alphabetic,2,
friends,frends,1.14,Sp17,late Letter Name-- Alphabetic,2,
except,exept,1.14,Sp17,late Letter Name-- Alphabetic,2,
mean,meen,1.14,Sp17,late Letter Name-- Alphabetic,2,
when,wen,1.14,Sp17,late Letter Name-- Alphabetic,2,
ice-cream,ice crem,1.14,Sp17,late Letter Name-- Alphabetic,2,
head,hed,1.14,Sp17,late Letter Name-- Alphabetic,2,
when,wen,1.14,Sp17,late Letter Name-- Alphabetic,2,
ice-cream,ice crem,1.14,Sp17,late Letter Name-- Alphabetic,2,
slipped,sliped,1.14,Sp17,late Letter Name-- Alphabetic,2,
fell,fel,1.14,Sp17,late Letter Name-- Alphabetic,2,
grabbed,grabed,1.14,Sp17,late Letter Name-- Alphabetic,2,
fell,fel,1.14,Sp17,late Letter Name-- Alphabetic,2,
said,sed,1.14,Sp17,late Letter Name-- Alphabetic,2,
tipped,tipet,1.14,Sp17,late Letter Name-- Alphabetic,2,
landed,landid,1.14,Sp17,late Letter Name-- Alphabetic,2,
hiking,hikeing,1.14,Sp18,early Syllables and Affixes ,3,
trying,trieing,1.14,Sp18,early Syllables and Affixes ,3,
really,relly,1.14,Sp18,early Syllables and Affixes ,3,
sled,sleded,1.14,Sp18,early Syllables and Affixes ,3,
little,litel,1.14,Sp18,early Syllables and Affixes ,3,
until,intell,1.14,Sp18,early Syllables and Affixes ,3,
minutes,minits,1.14,Sp18,early Syllables and Affixes ,3,
piece,peise,1.15,F17,early within word pattern,3,
weird,werd,1.15,F17,early within word pattern,3,
there,ther,1.15,F17,early within word pattern,3,
chocolate,choaclet,1.15,F17,early within word pattern,3,
tasted,taseted,1.15,F17,early within word pattern,3,
spitting,spiting,1.15,F17,early within word pattern,3,
punched,puncht,1.15,F17,early within word pattern,3,
broke,boke,1.15,F17,early within word pattern,3,
month,mounth,1.15,F17,early within word pattern,3,
every,evrey,1.15,F17,early within word pattern,3,
next,nexst,1.15,F17,early within word pattern,3,
smell,smel,1.15,F17,early within word pattern,3,
once,onece,1.15,Sp17,Within Word Pattern,2,
there,thir,1.15,Sp17,Within Word Pattern,2,
crazy,crazzy,1.15,Sp17,Within Word Pattern,2,
wanted,waned,1.15,Sp17,Within Word Pattern,2,
climbed,climed,1.15,Sp17,Within Word Pattern,2,
confident,confidind,1.15,Sp18,middle Within Word Pattern,3,
fortunate,furtionet,1.15,Sp18,middle Within Word Pattern,3,
pouring,pooring,1.15,Sp18,middle Within Word Pattern,3,
anywhere,anywear,1.15,Sp18,middle Within Word Pattern,3,
universe,univeres,1.15,Sp18,middle Within Word Pattern,3,
picture,pickture,1.15,Sp18,middle Within Word Pattern,3,
neighbors,neighboors,1.15,Sp18,middle Within Word Pattern,3,
excited,exsited,1.15,Sp18,middle Within Word Pattern,3,
vacation,vacashin,1.15,Sp18,middle Within Word Pattern,3,
thought,thout,1.15,Sp18,middle Within Word Pattern,3,
,,1.16,no report found,,,
picture,pictur,1.2,F17,middle Within Word Pattern,4,
wearing,whereing,1.2,F17,middle Within Word Pattern,4,
like,lik,1.2,F17,middle Within Word Pattern,4,
going to,gunn,1.2,F17,middle Within Word Pattern,4,
just,jest,1.2,F18,,,
choice,choise,1.2,F18,,,
great,grate,1.2,F18,,,
armor,armer,1.2,F18,,,
bright,brite,1.2,F18,,,
ready,redea,1.2,Sp17,early Syllables and Affixes,4,
camouflage,camoflage,1.2,Sp17,early Syllables and Affixes,4,
weapon,wepin,1.2,Sp17,early Syllables and Affixes,4,
machine,mushean,1.2,Sp17,early Syllables and Affixes,4,
ammo,amoe,1.2,Sp17,early Syllables and Affixes,4,
protections,portections,1.2,Sp17,early Syllables and Affixes,4,
places,plases,1.2,Sp17,early Syllables and Affixes,4,
avoid,ovoyd,1.2,Sp17,early Syllables and Affixes,4,
getting,geting,1.2,Sp17,early Syllables and Affixes,4,
attack,utack,1.2,Sp17,early Syllables and Affixes,4,
other,ather,1.2,Sp17,early Syllables and Affixes,4,
taste ,taset,1.2,Sp17,early Syllables and Affixes,4,
salty,solty,1.2,Sp17,early Syllables and Affixes,4,
tasts,tastes,1.2,Sp17,early Syllables and Affixes,4,
wheat,weat,1.2,Sp17,early Syllables and Affixes,4,
bun,bu,1.2,Sp17,early Syllables and Affixes,4,
meat,meet,1.2,Sp17,early Syllables and Affixes,4,
sausage,soseg,1.2,Sp17,early Syllables and Affixes,4,
delicious,dilishes,1.2,Sp17,early Syllables and Affixes,4,
taste,taset,1.2,Sp17,early Syllables and Affixes,4,
delicious,dilishes,1.2,Sp17,early Syllables and Affixes,4,
onions,oniens,1.2,Sp17,early Syllables and Affixes,4,
sauce,sos,1.2,Sp17,early Syllables and Affixes,4,
taste,taset,1.2,Sp17,early Syllables and Affixes,4,
delicious,dilishes,1.2,Sp17,early Syllables and Affixes,4,
sauce,sos,1.2,Sp17,early Syllables and Affixes,4,
comprehension,comperyhention,1.2,Sp17,early Syllables and Affixes,4,
revision,revisen,1.2,Sp17,early Syllables and Affixes,4,
delicious,dilishes,1.2,Sp17,early Syllables and Affixes,4,
hitting,hiting,1.2,Sp17,early Syllables and Affixes,4,
making,makeing,1.2,Sp17,early Syllables and Affixes,4,
dribbling,dribiling,1.2,Sp17,early Syllables and Affixes,4,
goes,gos,1.2,Sp17,early Syllables and Affixes,4,
buttery,butery,1.2,Sp17,early Syllables and Affixes,4,
taste,taset,1.2,Sp17,early Syllables and Affixes,4,
delicious,dilishes,1.2,Sp17,early Syllables and Affixes,4,
happened,hapened,1.2,Sp17,early Syllables and Affixes,4,
said,sed,1.2,Sp17,early Syllables and Affixes,4,
something,sum thing,1.2,Sp17,early Syllables and Affixes,4,
wilderness,wildernis,1.2,Sp17,early Syllables and Affixes,4,
goes,gose,1.2,Sp17,early Syllables and Affixes,4,
pictures,pitchers,1.2,Sp17,early Syllables and Affixes,4,
really,realy,1.2,Sp17,early Syllables and Affixes,4,
wants,whants,1.2,Sp17,early Syllables and Affixes,4,
happened,hapened,1.2,Sp17,early Syllables and Affixes,4,
sentences,sentenses,1.2,Sp17,early Syllables and Affixes,4,
really,realy,1.2,Sp17,early Syllables and Affixes,4,
heard,herd,1.2,Sp17,early Syllables and Affixes,4,
noise,nois,1.2,Sp17,early Syllables and Affixes,4,
noise,nois,1.2,Sp17,early Syllables and Affixes,4,
scared,scard,1.2,Sp17,early Syllables and Affixes,4,
once,wons,1.3,Sp17,middle Within Word Pattern,3,
riding,rideing,1.3,Sp17,middle Within Word Pattern,3,
went,whnt,1.3,Sp17,middle Within Word Pattern,3,
through,thro,1.3,Sp17,middle Within Word Pattern,3,
obstacle,opsticol,1.3,Sp17,middle Within Word Pattern,3,
course,cors,1.3,Sp17,middle Within Word Pattern,3,
barrels,barls,1.3,Sp17,middle Within Word Pattern,3,
when,wen,1.3,Sp17,middle Within Word Pattern,3,
came,cam,1.3,Sp17,middle Within Word Pattern,3,
caught,cot,1.3,Sp17,middle Within Word Pattern,3,
gate,gat,1.3,Sp17,middle Within Word Pattern,3,
monkey,monky,1.3,Sp17,middle Within Word Pattern,3,
screaming,skreming,1.3,Sp17,middle Within Word Pattern,3,
doughnuts,donats,1.3,Sp17,middle Within Word Pattern,3,
doughnuts,donuts,1.3,Sp17,middle Within Word Pattern,3,
new,now,1.3,Sp17,middle Within Word Pattern,3,
made,mad,1.3,Sp17,middle Within Word Pattern,3,
new,know,1.3,Sp17,middle Within Word Pattern,3,
we're,ware,1.3,Sp17,middle Within Word Pattern,3,
same,sam,1.3,Sp17,middle Within Word Pattern,3,
were,wer,1.3,Sp17,middle Within Word Pattern,3,
exciting,igsiting,1.3,Sp17,middle Within Word Pattern,3,
worse,wors,1.3,Sp17,middle Within Word Pattern,3,
just,gust,1.3,Sp17,middle Within Word Pattern,3,
took,tuk,1.3,Sp17,middle Within Word Pattern,3,
said,sed,1.3,Sp17,middle Within Word Pattern,3,
kept,kep,1.3,Sp17,middle Within Word Pattern,3,
leaving,leving,1.3,Sp17,middle Within Word Pattern,3,
something,sum thing,1.3,Sp17,middle Within Word Pattern,3,
new,know,1.3,Sp17,middle Within Word Pattern,3,
there,ther,1.3,Sp17,middle Within Word Pattern,3,
monkey,monky,1.3,Sp17,middle Within Word Pattern,3,
introduced,inchrodoost,1.3,Sp17,middle Within Word Pattern,3,
would,wuod,1.4,Sp17,early Within Word Pattern ,1,
some,sum,1.4,Sp17,early Within Word Pattern ,1,
animals,anmls,1.4,Sp17,early Within Word Pattern ,1,
come,cum,1.4,Sp17,early Within Word Pattern ,1,
train,chran,1.4,Sp17,early Within Word Pattern ,1,
because,becas ,1.5,F17,early Letter-Name Alphabetic,7,
friend,frind,1.5,F17,early Letter-Name Alphabetic,7,
house,hase,1.5,F17,early Letter-Name Alphabetic,7,
going to (gonna),gona,1.5,F17,early Letter-Name Alphabetic,7,
when,winn,1.5,F17,early Letter-Name Alphabetic,7,
little,littol,1.5,F17,early Letter-Name Alphabetic,7,
ride,rid ,1.5,F17,early Letter-Name Alphabetic,7,
friends,frinds,1.5,F17,early Letter-Name Alphabetic,7,
lion,lian,1.5,F17,early Letter-Name Alphabetic,7,
lion,lian,1.5,F17,early Letter-Name Alphabetic,7,
said,sid,1.5,F17,early Letter-Name Alphabetic,7,
lion,lian,1.5,F17,early Letter-Name Alphabetic,7,
lion,lian,1.5,F17,early Letter-Name Alphabetic,7,
proud,prod,1.5,F17,early Letter-Name Alphabetic,7,
little,litol,1.5,F18,early Within Word Pattern ,8,
first,fist,1.5,F18,early Within Word Pattern ,8,
car,care,1.5,F18,early Within Word Pattern ,8,
one,won,1.5,F18,early Within Word Pattern ,8,
car,care,1.5,F18,early Within Word Pattern ,8,
get,git,1.5,F18,early Within Word Pattern ,8,
place,plase,1.5,F18,early Within Word Pattern ,8,
were,wor,1.5,F18,early Within Word Pattern ,8,
everyone,everwone,1.5,Sp17,early Letter Name- Alphabetic,6,
freaked,freat,1.5,Sp17,early Letter Name- Alphabetic,6,
talking,tokeg,1.5,Sp17,early Letter Name- Alphabetic,6,
everyone,everwone,1.5,Sp17,early Letter Name- Alphabetic,6,
said,sid,1.5,Sp17,early Letter Name- Alphabetic,6,
why,way,1.5,Sp17,early Letter Name- Alphabetic,6,
talking,tokes,1.5,Sp17,early Letter Name- Alphabetic,6,
of,ove,1.5,Sp17,early Letter Name- Alphabetic,6,
with,weth,1.5,Sp17,early Letter Name- Alphabetic,6,
some,sume,1.5,Sp17,early Letter Name- Alphabetic,6,
went,wint,1.5,Sp17,early Letter Name- Alphabetic,6,
upstairs,up stars,1.5,Sp17,early Letter Name- Alphabetic,6,
upstairs,upstars,1.5,Sp17,early Letter Name- Alphabetic,6,
of,ave,1.5,Sp17,early Letter Name- Alphabetic,6,
 lockers,lokrs,1.5,Sp17,early Letter Name- Alphabetic,6,
blue,blu,1.5,Sp17,early Letter Name- Alphabetic,6,
chocolate,chokolet,1.5,Sp17,early Letter Name- Alphabetic,6,
taste,tast,1.5,Sp17,early Letter Name- Alphabetic,6,
because,becase,1.5,Sp17,early Letter Name- Alphabetic,6,
rain,ran ,1.5,Sp17,early Letter Name- Alphabetic,6,
stayed,stad,1.5,Sp17,early Letter Name- Alphabetic,6,
inside,insaen,1.5,Sp17,early Letter Name- Alphabetic,6,
recess,reses,1.5,Sp17,early Letter Name- Alphabetic,6,
stayed,stad,1.5,Sp17,early Letter Name- Alphabetic,6,
again,agen,1.5,Sp17,early Letter Name- Alphabetic,6,
inside,insid,1.5,Sp17,early Letter Name- Alphabetic,6,
when,wen,1.5,Sp17,early Letter Name- Alphabetic,6,
raining,raning,1.5,Sp17,early Letter Name- Alphabetic,6,
went,wen,1.5,Sp17,early Letter Name- Alphabetic,6,
,,1.5,Sp18,,,
bright,brite,1.6,F17,early within word pattern,4,
train,trane,1.6,F17,early within word pattern,4,
favorite,fivret,1.6,F17,early within word pattern,4,
Animal,anamol,1.6,F17,early within word pattern,4,
they,thay,1.6,F17,early within word pattern,4,
cute,cut,1.6,F17,early within word pattern,4,
coolest,colest,1.6,F17,early within word pattern,4,
standing,stending,1.6,F17,early within word pattern,4,
because,be case,1.6,F17,early within word pattern,4,
their,ther,1.6,F17,early within word pattern,4,
horse,hors,1.6,F17,early within word pattern,4,
next,neks,1.6,F17,early within word pattern,4,
because,becas,1.6,F17,early within word pattern,4,
they,thay,1.6,F17,early within word pattern,4,
races,rases,1.6,F17,early within word pattern,4,
sheep,shep,1.6,F17,early within word pattern,4,
they,thay,1.6,F17,early within word pattern,4,
follow,folow,1.6,F17,early within word pattern,4,
why,whay,1.6,F17,early within word pattern,4,
hungry,hangre,1.6,F17,early within word pattern,4,
once,one,1.6,F17,early within word pattern,4,
just,gust,1.6,F17,early within word pattern,4,
last,lest,1.6,F17,early within word pattern,4,
night,nighte,1.6,F17,early within word pattern,4,
sneaked,snekt,1.6,F17,early within word pattern,4,
they,thay,1.6,F17,early within word pattern,4,
were,wer,1.6,F17,early within word pattern,4,
guy,gay,1.6,F17,early within word pattern,4,
they,thay,1.6,F17,early within word pattern,4,
annoying,anolying,1.6,F17,early within word pattern,4,
tried,trid,1.6,F17,early within word pattern,4,
make,mak,1.6,F17,early within word pattern,4,
walked,wokt,1.6,F17,early within word pattern,4,
thousand,thousen,1.6,F17,early within word pattern,4,
miles,miyols,1.6,F17,early within word pattern,4,
smelled,smald,1.6,F17,early within word pattern,4,
store,stor,1.6,F17,early within word pattern,4,
sheep,shep,1.6,F17,early within word pattern,4,
before,befor,1.6,F17,early within word pattern,4,
grass,gras,1.6,F17,early within word pattern,4,
some,som,1.6,F17,early within word pattern,4,
grass,gras,1.6,F17,early within word pattern,4,
saw,so,1.6,F17,early within word pattern,4,
coming,caming,1.6,F17,early within word pattern,4,
saw,so,1.6,F17,early within word pattern,4,
ran,rand,1.6,F17,early within word pattern,4,
ran,rand,1.6,F17,early within word pattern,4,
miles,miyols,1.6,F17,early within word pattern,4,
every,evry,1.6,F17,early within word pattern,4,
ran,rand,1.6,F17,early within word pattern,4,
took,tok,1.6,F17,early within word pattern,4,
tonight,tonit,1.6,F17,early within word pattern,4,
more,mor,1.6,F17,early within word pattern,4,
rake,racke,1.6,F17,early within word pattern,4,
kick,kice,1.6,F17,early within word pattern,4,
mule,muole,1.6,F17,early within word pattern,4,
flute,flut,1.6,F17,early within word pattern,4,
feed,fead,1.6,F17,early within word pattern,4,
much,moch,1.6,F17,early within word pattern,4,
listen,lisan,1.6,F17,early within word pattern,4,
swimming,swiming,1.6,F17,early within word pattern,4,
orange,oreng,1.6,F17,early within word pattern,4,
much,moch,1.6,F17,early within word pattern,4,
too,to,1.6,F17,early within word pattern,4,
cheesecake,cheescake,1.6,F17,early within word pattern,4,
squeaking,sqweeking,1.6,F17,early within word pattern,4,
would,wod,1.6,F18,middle to late within word pattern,5,
fly,flay,1.6,F18,middle to late within word pattern,5,
crazy,crasy,1.6,F18,middle to late within word pattern,5,
friend,frend,1.6,F18,middle to late within word pattern,5,
unicorn,unecorn,1.6,F18,middle to late within word pattern,5,
backpack,dackpack,1.6,F18,middle to late within word pattern,5,
unicorn,unecorn,1.6,F18,middle to late within word pattern,5,
with,whith,1.6,F18,middle to late within word pattern,5,
electric,alectrek,1.6,F18,middle to late within word pattern,5,
scooter,suter,1.6,F18,middle to late within word pattern,5,
upstairs,ups stars,1.6,F18,middle to late within word pattern,5,
peanut butter,peanot doter,1.6,F18,middle to late within word pattern,5,
sheep,shep,1.6,Sp17,middle letter-name alphabetic,3,
end,and,1.6,Sp17,middle letter-name alphabetic,3,
they,thay,1.6,Sp17,middle letter-name alphabetic,3,
because,becas,1.6,Sp17,middle letter-name alphabetic,3,
are,or,1.6,Sp17,middle letter-name alphabetic,3,
beautiful,butyfol,1.6,Sp17,middle letter-name alphabetic,3,
summer,summor,1.6,Sp17,middle letter-name alphabetic,3,
because,becas,1.6,Sp17,middle letter-name alphabetic,3,
could,cud,1.6,Sp17,middle letter-name alphabetic,3,
because,becas,1.6,Sp17,middle letter-name alphabetic,3,
when,wen,1.6,Sp17,middle letter-name alphabetic,3,
really,rely,1.6,Sp17,middle letter-name alphabetic,3,
really,rely,1.6,Sp17,middle letter-name alphabetic,3,
really,rely,1.6,Sp17,middle letter-name alphabetic,3,
really,rely,1.6,Sp17,middle letter-name alphabetic,3,
soft,sof,1.6,Sp17,middle letter-name alphabetic,3,
forgot,furgot,1.6,Sp17,middle letter-name alphabetic,3,
chocolate,chokelet,1.6,Sp17,middle letter-name alphabetic,3,
mirror,mirr,1.6,Sp17,middle letter-name alphabetic,3,
when,win,1.6,sp17,middle letter-name alphabetic,3,
sleep,slep,1.6,sp17,middle letter-name alphabetic,3,
said,sed,1.6,sp17,middle letter-name alphabetic,3,
forgot,fregot,1.6,sp17,middle letter-name alphabetic,3,
money,many,1.6,sp17,middle letter-name alphabetic,3,
back,bak,1.6,sp17,middle letter-name alphabetic,3,
looking,loking,1.6,sp17,middle letter-name alphabetic,3,
cute,cut,1.6,sp17,middle letter-name alphabetic,3,
name,nam,1.6,sp17,middle letter-name alphabetic,3,
named,namd,1.6,sp17,middle letter-name alphabetic,3,
they,thay,1.6,sp17,middle letter-name alphabetic,3,
walked,wokt,1.6,sp17,middle letter-name alphabetic,3,
then,than,1.6,sp17,middle letter-name alphabetic,3,
there,thar,1.6,sp17,middle letter-name alphabetic,3,
man,mean,1.6,sp17,middle letter-name alphabetic,3,
weird,werd,1.6,sp17,middle letter-name alphabetic,3,
walk,wok,1.6,sp17,middle letter-name alphabetic,3,
fast,fas,1.6,sp17,middle letter-name alphabetic,3,
following ,fouling,1.6,sp17,middle letter-name alphabetic,3,
said,sed,1.6,sp17,middle letter-name alphabetic,3,
why,way,1.6,sp17,middle letter-name alphabetic,3,
following ,foling,1.6,sp17,middle letter-name alphabetic,3,
because,becas,1.6,sp17,middle letter-name alphabetic,3,
Know,now,1.6,sp17,middle letter-name alphabetic,3,
there,thar,1.6,Sp18,middle letter name-alphabetic,4,Questionable 
elephant,elefant,1.6,Sp18,middle letter name-alphabetic,4,Questionable 
walking,woking,1.6,Sp18,middle letter name-alphabetic,4,Questionable 
beach,dech,1.6,Sp18,middle letter name-alphabetic,4,Questionable 
said,sad,1.6,Sp18,middle letter name-alphabetic,4,Questionable 
water,whater,1.6,Sp18,middle letter name-alphabetic,4,Questionable 
again,agen,1.6,Sp18,middle letter name-alphabetic,4,Questionable 
said,sad,1.6,Sp18,middle letter name-alphabetic,4,Questionable 
mother,mather,1.6,Sp18,middle letter name-alphabetic,4,Questionable 
baby,bady,1.6,Sp18,middle letter name-alphabetic,4,Questionable 
went,whant,1.6,Sp18,middle letter name-alphabetic,4,Questionable 
beach,deach,1.6,Sp18,middle letter name-alphabetic,4,Questionable 
running,raning,1.6,Sp18,middle letter name-alphabetic,4,Questionable 
slipped,slipt,1.6,Sp18,middle letter name-alphabetic,4,Questionable 
float,flowt,1.7,Sp17,middle within-word pattern,4,
laugh,logh,1.8,Sp17,early Within Word Pattern ,2,
float,flote,1.8,Sp17,early Within Word Pattern ,2,
smoke,smoak,1.8,Sp17,early Within Word Pattern ,2,
squirrel,squrule,1.8,Sp17,early Within Word Pattern ,2,
rain,rian,1.8,Sp17,early Within Word Pattern ,2,
giraffe,giroff,1.8,Sp17,early Within Word Pattern ,2,
hugging,huging,1.8,Sp17,early Within Word Pattern ,2,
elephant,eliffent,1.8,Sp17,early Within Word Pattern ,2,
stripes,stiripes,1.8,Sp17,early Within Word Pattern ,2,
animals,animalls,1.8,Sp17,early Within Word Pattern ,2,
friend,frenid,1.9,Sp17,middle Within Word Patterns ,4,
fight,fite,1.9,Sp17,middle Within Word Patterns ,4,
fighting,fiteing,1.9,Sp17,middle Within Word Patterns ,4,
cases,casis,1.9,Sp17,middle Within Word Patterns ,4,
started,stared,1.9,Sp17,middle Within Word Patterns ,4,
fired,fiered,1.9,Sp17,middle Within Word Patterns ,4,
found,fand,1.9,Sp17,middle Within Word Patterns ,4,
found,fand,1.9,Sp17,middle Within Word Patterns ,4,
first,fierst,1.9,Sp17,middle Within Word Patterns ,4,
fight,fite,1.9,Sp17,middle Within Word Patterns ,4,
owners,oners,1.9,Sp17,middle Within Word Patterns ,4,
everything,evething,1.9,Sp17,middle Within Word Patterns ,4,
tickets,tietts,1.9,Sp17,middle Within Word Patterns ,4,
against,agenst,1.9,Sp17,middle Within Word Patterns ,4,
begin,beagen,1.9,Sp17,middle Within Word Patterns ,4,
bought,bot,1.9,Sp17,middle Within Word Patterns ,4,
seeds,seads,1.9,Sp17,middle Within Word Patterns ,4,
ground,grand,1.9,Sp17,middle Within Word Patterns ,4,
glove,gluve,1.9,Sp17,middle Within Word Patterns ,4,
ready,rete,1.9,Sp17,middle Within Word Patterns ,4,
caught,cot,1.9,Sp17,middle Within Word Patterns ,4,
foul,faerl,1.9,Sp17,middle Within Word Patterns ,4,
death,deth,1.9,Sp17,middle Within Word Patterns ,4,
valley,vale,1.9,Sp17,middle Within Word Patterns ,4,
steam,steem,1.9,Sp17,middle Within Word Patterns ,4,
hair,haer,1.9,Sp17,middle Within Word Patterns ,4,
crowd,crard,1.9,Sp17,middle Within Word Patterns ,4,
wild,waerled,1.9,Sp17,middle Within Word Patterns ,4,
clink,cleank,1.9,Sp17,middle Within Word Patterns ,4,
team,teem,1.9,Sp17,middle Within Word Patterns ,4,
hitting,hiting,1.9,Sp17,middle Within Word Patterns ,4,
pushing,pooshing,1.9,Sp17,middle Within Word Patterns ,4,
chewing,choowing,1.9,Sp17,middle Within Word Patterns ,4,
catching,caching,1.9,Sp17,middle Within Word Patterns ,4,
soda,sode,1.9,Sp17,middle Within Word Patterns ,4,
skittles,skiterles,1.9,Sp17,middle Within Word Patterns ,4,
flower,flawer,1.9,Sp17,middle Within Word Patterns ,4,
seeds,seads,1.9,Sp17,middle Within Word Patterns ,4,
pieces,peases,1.9,Sp17,middle Within Word Patterns ,4,
clink,cleank,1.9,Sp17,middle Within Word Patterns ,4,
stadium,stadeum,1.9,Sp17,middle Within Word Patterns ,4,
team,teem,1.9,Sp17,middle Within Word Patterns ,4,
warming,werming,1.9,Sp17,middle Within Word Patterns ,4,
foul,faerl,1.9,Sp17,middle Within Word Patterns ,4,
glove,gloff,1.9,Sp17,middle Within Word Patterns ,4,
spitting,spiting,1.9,Sp17,middle Within Word Patterns ,4,
flower,flawer,1.9,Sp17,middle Within Word Patterns ,4,
seeds,seads,1.9,Sp17,middle Within Word Patterns ,4,
ground,grand,1.9,Sp17,middle Within Word Patterns ,4,
getting,geting,1.9,Sp17,middle Within Word Patterns ,4,
ready,redy,1.9,Sp17,middle Within Word Patterns ,4,
clink,cleank,1.9,Sp17,middle Within Word Patterns ,4,
soars,sors,1.9,Sp17,middle Within Word Patterns ,4,
stadium,stadeum,1.9,Sp17,middle Within Word Patterns ,4,
Baton Rouge,bateroosh,1.9,Sp17,middle Within Word Patterns ,4,
tickets,ticettes,1.9,Sp17,middle Within Word Patterns ,4,
against,agenst,1.9,Sp17,middle Within Word Patterns ,4,
glove,glave,1.9,Sp17,middle Within Word Patterns ,4,
ready,rete,1.9,Sp17,middle Within Word Patterns ,4,
first,ferst,1.9,Sp17,middle Within Word Patterns ,4,
inning,ining,1.9,Sp17,middle Within Word Patterns ,4,
strike,stike,1.9,Sp17,middle Within Word Patterns ,4,
strike,stike,1.9,Sp17,middle Within Word Patterns ,4,
clink,cleank,1.9,Sp17,middle Within Word Patterns ,4,
soars,sors,1.9,Sp17,middle Within Word Patterns ,4,
through,thow,1.9,Sp17,middle Within Word Patterns ,4,
third,therd,1.9,Sp17,middle Within Word Patterns ,4,
through,thow,1.9,Sp17,middle Within Word Patterns ,4,
inning,ining,1.9,Sp17,middle Within Word Patterns ,4,
their,thaer,1.9,Sp17,middle Within Word Patterns ,4,
batter,bater ,1.9,Sp17,middle Within Word Patterns ,4,
easy,eseay,1.9,Sp17,middle Within Word Patterns ,4,
pitch,pich,1.9,Sp17,middle Within Word Patterns ,4,
pitch,pich,1.9,Sp17,middle Within Word Patterns ,4,
through,thow,1.9,Sp17,middle Within Word Patterns ,4,
first,ferist,1.9,Sp17,middle Within Word Patterns ,4,
they,thay,1.9,Sp17,middle Within Word Patterns ,4,
they,thay,1.9,Sp17,middle Within Word Patterns ,4,
you're,your,1.9,Sp17,middle Within Word Patterns ,4,
strike,stick,1.9,Sp17,middle Within Word Patterns ,4,
strike,stick,1.9,Sp17,middle Within Word Patterns ,4,
strike,stick,1.9,Sp17,middle Within Word Patterns ,4,
inning,ining,1.9,Sp17,middle Within Word Patterns ,4,
inning,ining,1.9,Sp17,middle Within Word Patterns ,4,
championship,chapinship,1.9,Sp17,middle Within Word Patterns ,4,
first,ferist,1.9,Sp17,middle Within Word Patterns ,4,
another,anether,1.9,Sp17,middle Within Word Patterns ,4,
loaded,loded,1.9,Sp17,middle Within Word Patterns ,4,
field,feard,1.9,Sp17,middle Within Word Patterns ,4,
crowd,crad,1.9,Sp17,middle Within Word Patterns ,4,
wild,waerd,1.9,Sp17,middle Within Word Patterns ,4,
inning,ining,1.9,Sp17,middle Within Word Patterns ,4,
moose,mose,1.9,Sp17,middle Within Word Patterns ,4,
journey,jerny,1.9,Sp17,middle Within Word Patterns ,4,
shoot,soot,1.9,Sp17,middle Within Word Patterns ,4,
saw,sow,1.9,Sp17,middle Within Word Patterns ,4,
happened,hapend,1.9,Sp17,middle Within Word Patterns ,4,
appropriate,aproprit,1.9,Sp17,middle Within Word Patterns ,4,
accurate,acurit,1.9,Sp17,middle Within Word Patterns ,4,
implicit,inplisit,1.9,Sp17,middle Within Word Patterns ,4,
explicit,explist,1.9,Sp17,middle Within Word Patterns ,4,
questions,qustions,1.9,Sp17,middle Within Word Patterns ,4,
fortunate,fortunit,2.10,F17,late syllables and affixes,2,
running,runing,2.10,F17,late syllables and affixes,2,
running,runing,2.10,F17,late syllables and affixes,2,
mountain,mountian,2.10,F17,late syllables and affixes,2,
crunching,cruncing,2.10,F18,Middle to Late Syllables and Affixes,3,
shower,sower,2.1,Sp17,early syllables and affixes,5,
chewed,cewed,2.1,Sp17,early syllables and affixes,5,
bottle,botel,2.1,Sp17,early syllables and affixes,5,
dolphin,dolfin,2.1,Sp17,early syllables and affixes,5,
beautiful,buteful,2.1,Sp17,early syllables and affixes,5,
awesome,asome,2.1,Sp17,early syllables and affixes,5,
weird,weard,2.1,Sp17,early syllables and affixes,5,
pitch,pich,2.1,Sp17,early syllables and affixes,5,
 silky,silkey,2.1,Sp17,early syllables and affixes,5,
front,frunt,2.1,Sp17,early syllables and affixes,5,
chocolate,choclete,2.1,Sp17,early syllables and affixes,5,
quickly,quikly,2.1,Sp17,early syllables and affixes,5,
running,runing,2.1,Sp17,early syllables and affixes,5,
quickly,quikly,2.1,Sp17,early syllables and affixes,5,
chocolate,choclete,2.1,Sp17,early syllables and affixes,5,
pitch,pich,2.1,Sp17,early syllables and affixes,5,
shiny,siny,2.1,Sp17,early syllables and affixes,5,
 cheek,check,2.1,Sp17,early syllables and affixes,5,
pair,pare,2.1,Sp17,early syllables and affixes,5,
climbed,climed,2.1,Sp17,early syllables and affixes,5,
climbed,climed,2.1,Sp17,early syllables and affixes,5,
lucky,luky,2.1,Sp17,early syllables and affixes,5,
from,fram,2.1,Sp17,early syllables and affixes,5,
cheek,check,2.1,Sp17,early syllables and affixes,5,
scream,skream,2.1,Sp17,early syllables and affixes,5,
  stairs,stars,2.1,Sp17,early syllables and affixes,5,
weird,weard,2.1,Sp17,early syllables and affixes,5,
blood,blud,2.1,Sp17,early syllables and affixes,5,
anywhere,enyware,2.1,Sp17,early syllables and affixes,5,
hospital,hospitole,2.1,Sp17,early syllables and affixes,5,
tried,trid,2.1,Sp17,early syllables and affixes,5,
showed,sowed,2.1,Sp17,early syllables and affixes,5,
stitches,stichs,2.1,Sp17,early syllables and affixes,5,
fighting,fiting,2.1,Sp17,early syllables and affixes,5,
animal,animole,2.1,Sp17,early syllables and affixes,5,
Texas,Texes,2.1,Sp17,early syllables and affixes,5,
mouse,mous,2.1,Sp17,early syllables and affixes,5,
searching,surching,2.1,Sp17,early syllables and affixes,5,
fright,frait,2.1,Sp17,early syllables and affixes,5,
soft,softe,2.1,Sp17,early syllables and affixes,5,
monkey,muki,2.1,Sp17,early syllables and affixes,5,
bars,burs,2.1,Sp17,early syllables and affixes,5,
cheese,cheeg,2.1,Sp17,early syllables and affixes,5,
pepperoni,peperone,2.1,Sp17,early syllables and affixes,5,
ground,groud,2.1,Sp17,early syllables and affixes,5,
jumping,juping,2.1,Sp17,early syllables and affixes,5,
jumping,juping,2.1,Sp17,early syllables and affixes,5,
fortunate,fortunite,2.10,Sp18,Late Syllables and Affixes,2,
civilize,sivilise,2.10,Sp18,Late Syllables and Affixes,2,
thought,thougt,2.10,Sp18,Late Syllables and Affixes,2,
journal,journel,2.10,Sp18,Late Syllables and Affixes,2,
neighborhood,neiborhod,2.10,Sp18,Late Syllables and Affixes,2,
doctor,docter,2.10,Sp18,Late Syllables and Affixes,2,
unicorn,unecorn,2.11,F17,Late within word pattern,3,
feather,fether,2.11,F17,Late within word pattern,3,
animal,anamal,2.11,F17,Late within word pattern,3,
squirt,sqirt,2.11,F18,late within word pattern ,4,
scratches,scraches,2.11,F18,late within word pattern ,4,
sailor,sayler,2.11,F18,late within word pattern ,4,
finished,finshed,2.11,F18,late within word pattern ,4,
tometo,tomato,2.11,Sp17,early within word patterns ,2,
battling,battleing,2.11,Sp17,early within word patterns ,2,
strong,stroung,2.11,Sp17,early within word patterns ,2,
writing,writeing,2.11,Sp17,early within word patterns ,2,
recess,recce,2.11,Sp17,early within word patterns ,2,
tries,trys,2.11,Sp18,late Within-Word pattern,3,
volcano,valcano,2.11,Sp18,late Within-Word pattern,3,
volcano,valcano,2.11,Sp18,late Within-Word pattern,3,
explosion,explosin,2.11,Sp18,late Within-Word pattern,3,
eagle,egale,2.11,Sp18,late Within-Word pattern,3,
performer,perfermer,2.11,Sp18,late Within-Word pattern,3,
stick,stiek,2.11,Sp18,late Within-Word pattern,3,
fortunate,fortunet,2.12,Sp17,early Derivational Relations ,8,
sulfur,sulfer,2.12,Sp17,early Derivational Relations ,8,
after,aftr,2.16,Sp17,early Within Word Pattern,2,
 was,wus,2.16,Sp17,early Within Word Pattern,2,
some,sum,2.16,Sp17,early Within Word Pattern,2,
people,peple,2.16,Sp17,early Within Word Pattern,2,
put,poot,2.16,Sp17,early Within Word Pattern,2,
swords,swors,2.16,Sp17,early Within Word Pattern,2,
cookies,coces,2.16,Sp17,early Within Word Pattern,2,
tastes,tasit,2.16,Sp17,early Within Word Pattern,2,
square,squair,2.16,Sp17,early Within Word Pattern,2,
earth,erath,2.16,Sp17,early Within Word Pattern,2,
people,peple,2.16,Sp17,early Within Word Pattern,2,
planet,planit,2.16,Sp17,early Within Word Pattern,2,
there,thar,2.16,Sp17,early Within Word Pattern,2,
some,sum,2.16,Sp17,early Within Word Pattern,2,
want,wont,2.16,Sp17,early Within Word Pattern,2,
they,thae,2.16,Sp17,early Within Word Pattern,2,
kind,cian,2.16,Sp17,early Within Word Pattern,2,
road,rood,2.16,Sp17,early Within Word Pattern,2,
looked,loot,2.16,Sp17,early Within Word Pattern,2,
because,becaus,2.17,Sp17,Middle Within Word Pattern,k,
because,becus,2.17,Sp17,Middle Within Word Pattern,k,
desk,desck,2.17,Sp17,Middle Within Word Pattern,k,
swim,swin,2.18,Sp17,early derivational relations,5,
upon,apon,2.18,Sp17,early derivational relations,5,
through,though,2.18,Sp17,early derivational relations,5,
boat,bout,2.18,Sp17,early derivational relations,5,
boat,bout,2.18,Sp17,early derivational relations,5,
tried,tryed,2.18,Sp17,early derivational relations,5,
loud,lowed,2.18,Sp17,early derivational relations,5,
want to,wana,2.18,Sp17,early derivational relations,5,
catching,cathing,2.2,Sp 17,late within word pattern ,6,
getting,geteing,2.2,Sp 17,late within word pattern ,6,
take,tak,2.2,Sp 17,late within word pattern ,6,
would,wold,2.2,Sp 17,late within word pattern ,6,
reasons,resons,2.2,Sp 17,late within word pattern ,6,
ohter,othe,2.2,Sp 17,late within word pattern ,6,
Halloween,Haloween,2.2,Sp 17,late within word pattern ,6,
other,othe,2.2,Sp 17,late within word pattern ,6,
torch,tortch,2.2,Sp 17,late within word pattern ,6,
scratch,sratch,2.2,Sp 17,late within word pattern ,6,
play,pla,2.3,Sp 17,Late Letter-Name Alphabetic,1,
hope,hop,2.3,Sp 17,Late Letter-Name Alphabetic,1,
pink,peik,2.3,Sp 17,Late Letter-Name Alphabetic,1,
first,frist,2.3,Sp 17,Late Letter-Name Alphabetic,1,
pink,peik,2.3,Sp 17,Late Letter-Name Alphabetic,1,
dress,dres,2.3,Sp 17,Late Letter-Name Alphabetic,1,
she'll ,sh'll,2.3,Sp 17,Late Letter-Name Alphabetic,1,
marker,marckr,2.3,Sp 17,Late Letter-Name Alphabetic,1,
of,af,2.3,Sp 17,Late Letter-Name Alphabetic,1,
mark,marck,2.3,Sp 17,Late Letter-Name Alphabetic,1,
first,forst,2.3,Sp 17,Late Letter-Name Alphabetic,1,
bookmark,bookmrc,2.3,Sp 17,Late Letter-Name Alphabetic,1,
first,forst,2.3,Sp 17,Late Letter-Name Alphabetic,1,
people,peapl,2.3,Sp 17,Late Letter-Name Alphabetic,1,
night,nite,2.3,Sp 17,Late Letter-Name Alphabetic,1,
beach,beech,2.4,Sp 17,early syllables and affixes,5,
wondered,wonderd,2.4,Sp 17,early syllables and affixes,5,
discovered,duscoverd,2.4,Sp 17,early syllables and affixes,5,
swimming ,swiming,2.4,Sp 17,early syllables and affixes,5,
dolphin,dallfin,2.4,Sp 17,early syllables and affixes,5,
dolphin,dallfin,2.4,Sp 17,early syllables and affixes,5,
became,bekame,2.4,Sp 17,early syllables and affixes,5,
together,toger,2.4,Sp 17,early syllables and affixes,5,
happily,happly,2.4,Sp 17,early syllables and affixes,5,
beach,beech,2.4,Sp 17,early syllables and affixes,5,
wondered,wonderd,2.4,Sp 17,early syllables and affixes,5,
funniest,funnyest,2.4,Sp 17,early syllables and affixes,5,
jokes,joks,2.4,Sp 17,early syllables and affixes,5,
always,alwase,2.4,Sp 17,early syllables and affixes,5,
very,vary,2.4,Sp 17,early syllables and affixes,5,
taking,takeing,2.4,Sp 17,early syllables and affixes,5,
didn't ,did't,2.4,Sp 17,early syllables and affixes,5,
watched,woched,2.4,Sp 17,early syllables and affixes,5,
movie,moove,2.4,Sp 17,early syllables and affixes,5,
scared,scard,2.4,Sp 17,early syllables and affixes,5,
always,alwase,2.4,Sp 17,early syllables and affixes,5,
Texas,Texis,2.4,Sp 17,early syllables and affixes,5,
traveling,travelling,2.4,Sp 17,early syllables and affixes,5,
found,fownd,2.4,Sp 17,early syllables and affixes,5,
landed,landid,2.4,Sp 17,early syllables and affixes,5,
offered,oferd,2.4,Sp 17,early syllables and affixes,5,
called,cald,2.4,Sp 17,early syllables and affixes,5,
doesn't,dosen't,2.4,Sp 17,early syllables and affixes,5,
called,cold,2.5,Sp 17,late Letter Name- Alphabetic,2,
purple,prpl,2.5,Sp 17,late Letter Name- Alphabetic,2,
pythons,pishis,2.5,Sp 17,late Letter Name- Alphabetic,2,
coach,coch,2.5,Sp 17,late Letter Name- Alphabetic,2,
coach,coch,2.5,Sp 17,late Letter Name- Alphabetic,2,
very,varey,2.5,Sp 17,late Letter Name- Alphabetic,2,
cool,coll,2.5,Sp 17,late Letter Name- Alphabetic,2,
games,gams,2.5,Sp 17,late Letter Name- Alphabetic,2,
every,avery,2.5,Sp 17,late Letter Name- Alphabetic,2,
saturday,sodrday,2.5,Sp 17,late Letter Name- Alphabetic,2,
but,bat,2.5,Sp 17,late Letter Name- Alphabetic,2,
this,thas,2.5,Sp 17,late Letter Name- Alphabetic,2,
practice,pratis,2.5,Sp 17,late Letter Name- Alphabetic,2,
Monday,modas,2.5,Sp 17,late Letter Name- Alphabetic,2,
pretty,prite,2.5,Sp 17,late Letter Name- Alphabetic,2,
easy,ese,2.5,Sp 17,late Letter Name- Alphabetic,2,
coach,coch,2.5,Sp 17,late Letter Name- Alphabetic,2,
simple,sipl,2.5,Sp 17,late Letter Name- Alphabetic,2,
there ,thar,2.5,Sp 17,late Letter Name- Alphabetic,2,
they,thay,2.5,Sp 17,late Letter Name- Alphabetic,2,
very,vary,2.5,Sp 17,late Letter Name- Alphabetic,2,
very,vary,2.5,Sp 17,late Letter Name- Alphabetic,2,
they,thay,2.5,Sp 17,late Letter Name- Alphabetic,2,
saw,sow,2.5,Sp 17,late Letter Name- Alphabetic,2,
their,thar,2.5,Sp 17,late Letter Name- Alphabetic,2,
would,woud,2.5,Sp 17,late Letter Name- Alphabetic,2,
they,thay,2.5,Sp 17,late Letter Name- Alphabetic,2,
favorite,favrit,2.5,Sp 17,late Letter Name- Alphabetic,2,
very,vary,2.5,Sp 17,late Letter Name- Alphabetic,2,
cuddly,cudly,2.5,Sp 17,late Letter Name- Alphabetic,2,
light,lite,2.5,Sp 17,late Letter Name- Alphabetic,2,
spoil,spoyel,2.7,Sp 17,late Within Word Pattern ,4,
lump,lomp,2.7,Sp 17,late Within Word Pattern ,4,
found,fownd,2.7,Sp 17,late Within Word Pattern ,4,
dolphin,dolfen,2.7,Sp 17,late Within Word Pattern ,4,
dolphin,dolfen,2.7,Sp 17,late Within Word Pattern ,4,
ocean,ocen,2.7,Sp 17,late Within Word Pattern ,4,
swim,swin,2.7,Sp 17,late Within Word Pattern ,4,
catch,cech,2.7,Sp 17,late Within Word Pattern ,4,
friends,firends,2.7,Sp 17,late Within Word Pattern ,4,
ocean,ocen,2.7,Sp 17,late Within Word Pattern ,4,
searching,sherching,2.7,Sp 17,late Within Word Pattern ,4,
circus,cercus,2.7,Sp 17,late Within Word Pattern ,4,
billboard,billbord,2.7,Sp 17,late Within Word Pattern ,4,
circus,cercus,2.7,Sp 17,late Within Word Pattern ,4,
found,fond,2.7,Sp 17,late Within Word Pattern ,4,
pigeons,pigens,2.7,Sp 17,late Within Word Pattern ,4,
scorpions,scorpeon,2.7,Sp 17,late Within Word Pattern ,4,
Texas,texes,2.7,Sp 17,late Within Word Pattern ,4,
scorpion,scorpen,2.7,Sp 17,late Within Word Pattern ,4,
circus,cerces,2.7,Sp 17,late Within Word Pattern ,4,
perform,preform,2.7,Sp 17,late Within Word Pattern ,4,
offered,oferd,2.7,Sp 17,late Within Word Pattern ,4,
,,2.8,Sp 17,No Report,,
traffic,trafik,2.9,F17,Early letter-Name Alphabetic,1,
house,haos,2.9,F17,Early letter-Name Alphabetic,1,
thought,thot,2.9,F17,Early letter-Name Alphabetic,1,
mouse,maos,2.9,F17,Early letter-Name Alphabetic,1,
kitty,kide,2.9,F17,Early letter-Name Alphabetic,1,
kitty,kide,2.9,F17,Early letter-Name Alphabetic,1,
licorice,likrorish,2.9,F17,Early letter-Name Alphabetic,1,
kicks,kiks,2.9,F17,Early letter-Name Alphabetic,1,
bake,beick,2.9,F17,Early letter-Name Alphabetic,1,
stick,stek,2.9,F17,Early letter-Name Alphabetic,1,
wait,whate,2.9,F18,Early Within Word Pattern,2,
coach,coch,2.9,F18,Early Within Word Pattern,2,
fright,frite,2.9,F18,Early Within Word Pattern,2,
eye,eey,2.9,F18,Early Within Word Pattern,2,
become,becuum,2.9,F18,Early Within Word Pattern,2,
drink,dring,2.9,F18,Early Within Word Pattern,2,
might,mat,2.9,F18,Early Within Word Pattern,2,
chicken,cicin,2.9,F18,Early Within Word Pattern,2,
poisin,posin,2.9,F18,Early Within Word Pattern,2,
they,thay,2.9,F18,Early Within Word Pattern,2,
gills,gils,2.9,F18,Early Within Word Pattern,2,
mammals,mammles,2.9,F18,Early Within Word Pattern,2,
shark,shrk,2.9,F18,Early Within Word Pattern,2,
they,thay,2.9,F18,Early Within Word Pattern,2,
friends,frend,2.9,F18,Early Within Word Pattern,2,
there,thier,2.9,F18,Early Within Word Pattern,2,
leader,leater,2.9,F18,Early Within Word Pattern,2,
family,famili,2.9,F18,Early Within Word Pattern,2,
mammals,mamils,2.9,F18,Early Within Word Pattern,2,
ocean,oshan,2.9,F18,Early Within Word Pattern,2,
makes,maks,2.9,F18,Early Within Word Pattern,2,
wrote,rote,2.9,F18,Early Within Word Pattern,2,
,,2.9,Sp 17,,,
Pool,plo,2.9,Sp 17,early Letter Name-Alphabetic,k,
play,plai,2.9,Sp 17,early Letter Name-Alphabetic,k,
beach,btit,2.9,Sp 17,early Letter Name-Alphabetic,k,
ball,boll,2.9,Sp 17,early Letter Name-Alphabetic,k,
rollercoaster,rolrcostr,2.9,Sp 17,early Letter Name-Alphabetic,k,
was,waz,2.9,Sp 17,early Letter Name-Alphabetic,k,
big,beg,2.9,Sp 17,early Letter Name-Alphabetic,k,
bananas,bananus,2.9,Sp18,,,
one,oun,2.9,Sp18,,,
bought,but,2.9,Sp18,,,
new,nuw,2.9,Sp18,,,
dollar,dolr,2.9,Sp18,,,
bananas,bananus,2.9,Sp18,,,
down,dune,2.9,Sp18,,,
sold,seld,2.9,Sp18,,,
dollar,dolr,2.9,Sp18,,,
wait,wate,2.9,Sp18,,,
dream,dreme,2.9,Sp18,,,
chewed,chude,2.9,Sp18,,,
comes,cums,3.1,F17,Early letter-Name Alphabetic,1,
me,mi,3.1,F17,Early letter-Name Alphabetic,1,
sheep,shep,3.1,Sp18,early Letter Name-Alphabetic,1,
chick,kik,3.1,Sp18,early Letter Name-Alphabetic,1,
dancing,dasen,3.1,Sp18,early Letter Name-Alphabetic,1,
chick,kik,3.1,Sp18,early Letter Name-Alphabetic,1,
troll,tcholl,3.1,Sp18,early Letter Name-Alphabetic,1,
mean,men,3.1,Sp18,early Letter Name-Alphabetic,1,
mean,men,3.1,Sp18,early Letter Name-Alphabetic,1,
holes,hols,3.11,F17,middle letter-name alphabetic,4,
was,wus,3.11,Sp18,middle Letter Name-Alphabetic,4,Questionable
was,wus,3.11,Sp18,middle Letter Name-Alphabetic,4,Questionable
by,be,3.11,Sp18,middle Letter Name-Alphabetic,4,Questionable
self,sefe,3.11,Sp18,middle Letter Name-Alphabetic,4,Questionable
husky,husche,3.11,Sp18,middle Letter Name-Alphabetic,4,Questionable
was,wus,3.11,Sp18,middle Letter Name-Alphabetic,4,Questionable
getting,geting,3.11,Sp18,middle Letter Name-Alphabetic,4,Questionable
ready,rete,3.11,Sp18,middle Letter Name-Alphabetic,4,Questionable
when,wen,3.11,Sp18,middle Letter Name-Alphabetic,4,Questionable
couch,caock,3.11,Sp18,middle Letter Name-Alphabetic,4,Questionable
when,win,3.13,F17,late letter-name alphabetic,7,
white,whit,3.13,F17,late letter-name alphabetic,7,
belt,balt,3.13,F17,late letter-name alphabetic,7,
first,frst,3.13,F17,late letter-name alphabetic,7,
tournament,tarnamint,3.13,F17,late letter-name alphabetic,7,
there,thar,3.13,F17,late letter-name alphabetic,7,
people,peepoll,3.13,F17,late letter-name alphabetic,7,
me ,my,3.13,F17,late letter-name alphabetic,7,
rank,ranck,3.13,F17,late letter-name alphabetic,7,
do ,du,3.13,F17,late letter-name alphabetic,7,
things,tings,3.13,F17,late letter-name alphabetic,7,
first,farst,3.13,F17,late letter-name alphabetic,7,
place,plas,3.13,F17,late letter-name alphabetic,7,
like,lick,3.13,F17,late letter-name alphabetic,7,
stomach,stumick,3.13,F17,late letter-name alphabetic,7,
like,lick,3.13,F17,late letter-name alphabetic,7,
hundred,hundrid,3.13,F17,late letter-name alphabetic,7,
mountains,mountans,3.13,F17,late letter-name alphabetic,7,
used,yowst,3.13,F17,late letter-name alphabetic,7,
looked,looket,3.13,F17,late letter-name alphabetic,7,
pretty,prity,3.13,F17,late letter-name alphabetic,7,
could,cud,3.13,F17,late letter-name alphabetic,7,
always,olwas,3.13,F17,late letter-name alphabetic,7,
every,evry,3.13,F17,late letter-name alphabetic,7,
called,cold,3.13,F17,late letter-name alphabetic,7,
steep,step,3.13,F17,late letter-name alphabetic,7,
glass,glas,3.13,F17,late letter-name alphabetic,7,
salmon,samon,3.13,F17,late letter-name alphabetic,7,
should,shud,3.13,F17,late letter-name alphabetic,7,
upon,a pone,3.17,F17,middle Within Word Pattern,3,
storme,storme,3.17,F17,middle Within Word Pattern,3,
storm,storme,3.17,F17,middle Within Word Pattern,3,
didn't,din't,3.17,F17,middle Within Word Pattern,3,
school,scool,3.17,F17,middle Within Word Pattern,3,
they,thy,3.17,F17,middle Within Word Pattern,3,
whole,hole,3.17,F17,middle Within Word Pattern,3,
trampoline,trampolene,3.17,F17,middle Within Word Pattern,3,
candy,cand,3.17,F17,middle Within Word Pattern,3,
setting,seting,3.17,F17,middle Within Word Pattern,3,
scientist,scentist,3.17,F17,middle Within Word Pattern,3,
beginning,being,3.17,F17,middle Within Word Pattern,3,
questions,quistins,3.17,F17,middle Within Word Pattern,3,
favorite,favrite,3.17,F17,middle Within Word Pattern,3,
because,beacuse,3.17,F17,middle Within Word Pattern,3,
because,beacuse,3.17,F17,middle Within Word Pattern,3,
yummy,yumy,3.17,F17,middle Within Word Pattern,3,
hole,holl,3.17,F17,middle Within Word Pattern,3,
middle,midul,3.17,F17,middle Within Word Pattern,3,
chewy,shewy,3.17,F17,middle Within Word Pattern,3,
smooth,smoth,3.17,F17,middle Within Word Pattern,3,
taste,tast,3.17,F17,middle Within Word Pattern,3,
sugary,sugry,3.17,F17,middle Within Word Pattern,3,
chocolate,choclet,3.17,F17,middle Within Word Pattern,3,
chicken,chincin,3.17,F17,middle Within Word Pattern,3,
chicken,chincin,3.17,F17,middle Within Word Pattern,3,
chicken,chinkin,3.17,F17,middle Within Word Pattern,3,
chicken,chickin,3.17,F17,middle Within Word Pattern,3,
shoes,showes,3.17,F17,middle Within Word Pattern,3,
would,woulb,3.17,F17,middle Within Word Pattern,3,
about,adout,3.17,F17,middle Within Word Pattern,3,
sneak,sneack,3.17,F17,middle Within Word Pattern,3,
,,3.2,F17,No report....,,
eaten,aetn,3.3,Sp18,early within word pattern,3,
eat,eta,3.3,Sp18,early within word pattern,3,
chases,chayses,3.3,Sp18,early within word pattern,3,
suit,soot,3.3,Sp18,early within word pattern,3,
cousins,cousens,3.3,Sp18,early within word pattern,3,
colorful,calrful,3.3,Sp18,early within word pattern,3,
friendly,frenly,3.3,Sp18,early within word pattern,3,
flowers,flours,3.3,Sp18,early within word pattern,3,
cuddly,ckudly,3.3,Sp18,early within word pattern,3,
scream,skreem,3.3,Sp18,early within word pattern,3,
friends,frends,3.3,Sp18,early within word pattern,3,
dead,ded,3.3,Sp18,early within word pattern,3,
here,heer,3.3,Sp18,early within word pattern,3,
suddenly,suddently,3.3,Sp18,early within word pattern,3,
creature,crecher,3.3,Sp18,early within word pattern,3,
from,frum,3.3,Sp18,early within word pattern,3,
all,oll,3.3,Sp18,early within word pattern,3,
done,dun,3.3,Sp18,early within word pattern,3,
cake,cak,3.4,F17,Late emergent,k,
hurt,hrt,3.4,F17,Late emergent,k,
bumblebee,bumbolbee,3.5,F17,early Within Word Pattern,3,
white,wiht,3.5,F17,early Within Word Pattern,3,
round,rowned,3.5,F17,early Within Word Pattern,3,
smooth,smoth,3.5,F17,early Within Word Pattern,3,
round,rowned,3.5,F17,early Within Word Pattern,3,
spaceship,spaseship,3.5,F17,early Within Word Pattern,3,
pistol,pistile,3.5,F17,early Within Word Pattern,3,
found,fowned,3.5,F17,early Within Word Pattern,3,
turned,trened,3.5,F17,early Within Word Pattern,3,
found,fowned,3.5,F17,early Within Word Pattern,3,
controlled,controled,3.5,F17,early Within Word Pattern,3,
fought,fot,3.5,F17,early Within Word Pattern,3,
peril,paril,3.5,F17,early Within Word Pattern,3,
conquer,concer,3.5,F17,early Within Word Pattern,3,
home,hom,3.6,F17,Letter name alphabetic,2,
responsible,responponsible,3.6,F17,Letter name alphabetic,2,
meaty,mete,3.6,F17,Letter name alphabetic,2,
scientist,scentist,3.7,F17,middle within word pattern,6,
laboratory,labartory,3.7,F17,middle within word pattern,6,
laboratory,labartory,3.7,F17,middle within word pattern,6,
caught,catched,3.7,F17,middle within word pattern,6,
ground,groud,3.8,F17,within word pattern,2,
like,lik,3.8,F17,within word pattern,2,
climbing,climing,3.8,F17,within word pattern,2,
ground,groud,3.8,F17,within word pattern,2,
beginning,beinning,3.8,F17,within word pattern,2,
scary,scaire,3.8,F17,within word pattern,2,
tried,tride,3.8,F17,within word pattern,2,
magical,magickl,3.8,F17,within word pattern,2,
taste,tast,3.8,F17,within word pattern,2,
fruity,fruty,3.8,F17,within word pattern,2,
taste,tast,3.8,F17,within word pattern,2,
colorful,colerful,3.8,F17,within word pattern,2,
sounds,souds,3.8,F17,within word pattern,2,
popping,poping,3.8,F17,within word pattern,2,
want,whant,3.8,F17,within word pattern,2,
play,ple,3.9,F17,late emergent,k,
free,fre,3.9,F17,late emergent,k,
bubble,bubll,3.9,F17,late emergent,k,
cried,cryed,4.1,Sp 18,middle within word pattern,3,
sat,set,4.1,Sp18,middle Within Word Pattern,3,
dolphins,dolfins,4.2,Sp18,early Within Word Pattern,2,
dolphins,dolfins,4.2,Sp18,early Within Word Pattern,2,
science,sience,4.2,Sp18,early Within Word Pattern,2,
one,won,5.1,F18,Early Within Word Pattern ,1,
day,da,5.1,F18,Early Within Word Pattern ,1,
saw,so,5.1,F18,Early Within Word Pattern ,1,
my,mi,5.1,F18,Early Within Word Pattern ,1,
was,wus,5.1,F18,Early Within Word Pattern ,1,
silk,silc,5.1,F18,Early Within Word Pattern ,1,
worms,wrms,5.1,F18,Early Within Word Pattern ,1,
were,wr,5.1,F18,Early Within Word Pattern ,1,
they,thy,5.1,F18,Early Within Word Pattern ,1,
get,git,5.1,F18,Early Within Word Pattern ,1,
learned,leared,5.1,F18,Early Within Word Pattern ,1,
that,thet,5.1,F18,Early Within Word Pattern ,1,
play,pla,5.1,F18,Early Within Word Pattern ,1,
ran,wand,5.10,F18,early within word pattern,3,
world,wolde,5.10,F18,early within word pattern,3,
would,wod,5.10,F18,early within word pattern,3,
make,mack,5.10,F18,early within word pattern,3,
rollercoaster,rlrcsts,5.10,F18,early within word pattern,3,
forever,for evr,5.10,F18,early within word pattern,3,
ever,evr,5.10,F18,early within word pattern,3,
could have ,cuf av,5.10,F18,early within word pattern,3,
ever,evr,5.10,F18,early within word pattern,3,
all,ol,5.10,F18,early within word pattern,3,
of,uv,5.10,F18,early within word pattern,3,
world,wolde,5.10,F18,early within word pattern,3,
have,hav,5.10,F18,early within word pattern,3,
forever,for evr,5.10,F18,early within word pattern,3,
ever,evr,5.10,F18,early within word pattern,3,
like,lik,5.10,F18,early within word pattern,3,
because,becuse,5.10,F18,early within word pattern,3,
people,peple,5.10,F18,early within word pattern,3,
would,wode,5.10,F18,early within word pattern,3,
everyone,evrewan,5.10,F18,early within word pattern,3,
else,els,5.10,F18,early within word pattern,3,
world,wolde,5.10,F18,early within word pattern,3,
like,lick,5.10,F18,early within word pattern,3,
would,wode,5.10,F18,early within word pattern,3,
traveling,travling,5.13,F18,late Syllables and Affixes,3,
riding,rideing,5.13,F18,late Syllables and Affixes,3,
temperature,tempechers,5.13,F18,late Syllables and Affixes,3,
like,liek,5.15,F18,middle Letter-Name Alphabetic,1,
because,becase,5.15,F18,middle Letter-Name Alphabetic,1,
like,liek,5.15,F18,middle Letter-Name Alphabetic,1,
climb,climd,5.15,F18,middle Letter-Name Alphabetic,1,
because,becase,5.15,F18,middle Letter-Name Alphabetic,1,
create,creat,5.18,F18,middle Derivational Relations ,7,
would,wonld,5.2,F18,Early-Middle within Word Pattern,2,
buy,bie,5.2,F18,Early-Middle within Word Pattern,2,
said,seid,5.2,F18,Early-Middle within Word Pattern,2,
hammer,hamr,5.2,F18,Early-Middle within Word Pattern,2,
where,wr,5.2,F18,Early-Middle within Word Pattern,2,
breathe,breevu,5.2,F18,Early-Middle within Word Pattern,2,
want,wot,5.2,F18,Early-Middle within Word Pattern,2,
want,wot,5.2,F18,Early-Middle within Word Pattern,2,
go,goe,5.20,F18,early letter-name alphabetic,1,
awkward,okword,5.21,F18,Letter-Name Alphabetic,4,
fluffy,flufe,5.21,F18,Letter-Name Alphabetic,4,
squish,skwish,5.21,F18,Letter-Name Alphabetic,4,
like,lik,5.21,F18,Letter-Name Alphabetic,4,
potatoes,putatos,5.21,F18,Letter-Name Alphabetic,4,
cheese,chese,5.21,F18,Letter-Name Alphabetic,4,
squeaky,syweky,5.21,F18,Letter-Name Alphabetic,4,
introduce,intrdoos,5.21,F18,Letter-Name Alphabetic,4,
cheeses,cheses,5.21,F18,Letter-Name Alphabetic,4,
very,very,5.21,F18,Letter-Name Alphabetic,4,
fluffy,flufe,5.21,F18,Letter-Name Alphabetic,4,
they,thy,5.21,F18,Letter-Name Alphabetic,4,
taste,tast,5.21,F18,Letter-Name Alphabetic,4,
they,thy,5.21,F18,Letter-Name Alphabetic,4,
smell,smel,5.21,F18,Letter-Name Alphabetic,4,
funny,fune,5.21,F18,Letter-Name Alphabetic,4,
like,lik,5.21,F18,Letter-Name Alphabetic,4,
sound,sownd,5.21,F18,Letter-Name Alphabetic,4,
squeaky,sqeke,5.21,F18,Letter-Name Alphabetic,4,
chicken,chicen,5.21,F18,Letter-Name Alphabetic,4,
chocolate,choclit,5.21,F18,Letter-Name Alphabetic,4,
chimney,chimne,5.21,F18,Letter-Name Alphabetic,4,
check,chec,5.21,F18,Letter-Name Alphabetic,4,
church,chrch,5.21,F18,Letter-Name Alphabetic,4,
shoe,shoo,5.21,F18,Letter-Name Alphabetic,4,
house,howse,5.21,F18,Letter-Name Alphabetic,4,
changed,chengd,5.21,F18,Letter-Name Alphabetic,4,
watching,woching,5.21,F18,Letter-Name Alphabetic,4,
what,wut,5.21,F18,Letter-Name Alphabetic,4,
number,numbr,5.21,F18,Letter-Name Alphabetic,4,
pages,pagis,5.21,F18,Letter-Name Alphabetic,4,
mean,mene,5.21,F18,Letter-Name Alphabetic,4,
a lot,allot,5.21,F18,Letter-Name Alphabetic,4,
because,bekus,5.21,F18,Letter-Name Alphabetic,4,
eating,etaing,5.21,F18,Letter-Name Alphabetic,4,
want,wunt,5.3,F18,Middle Letter Name- Alphabetic,1,
be,bie,5.3,F18,Middle Letter Name- Alphabetic,1,
princess,priins,5.3,F18,Middle Letter Name- Alphabetic,1,
jungle,gugl,5.3,F18,Middle Letter Name- Alphabetic,1,
is,si,5.3,F18,Middle Letter Name- Alphabetic,1,
going to,goeto,5.3,F18,Middle Letter Name- Alphabetic,1,
save her,safr,5.3,F18,Middle Letter Name- Alphabetic,1,
Christmas,csim,5.3,F18,Middle Letter Name- Alphabetic,1,
because,bekus,5.3,F18,Middle Letter Name- Alphabetic,1,
get,git,5.3,F18,Middle Letter Name- Alphabetic,1,
presents,pisits,5.3,F18,Middle Letter Name- Alphabetic,1,
baby,bae,5.3,F18,Middle Letter Name- Alphabetic,1,
bunny,bne,5.3,F18,Middle Letter Name- Alphabetic,1,
because,bekus,5.3,F18,Middle Letter Name- Alphabetic,1,
guy,gay,5.4,F18,Early-Middle Letter Name Alphabetic ,2,
died,dit,5.4,F18,Early-Middle Letter Name Alphabetic ,2,
haunted,hotit,5.4,F18,Early-Middle Letter Name Alphabetic ,2,
house,haos,5.4,F18,Early-Middle Letter Name Alphabetic ,2,
friends,fes,5.4,F18,Early-Middle Letter Name Alphabetic ,2,
haunted,hontid,5.4,F18,Early-Middle Letter Name Alphabetic ,2,
vampires,vapirs,5.4,F18,Early-Middle Letter Name Alphabetic ,2,
witches,wichis,5.4,F18,Early-Middle Letter Name Alphabetic ,2,
beetlejuice,beposios,5.4,F18,Early-Middle Letter Name Alphabetic ,2,
werewolf,welf wof,5.4,F18,Early-Middle Letter Name Alphabetic ,2,
fish,fis,5.4,F18,Early-Middle Letter Name Alphabetic ,2,
with,wit,5.6,F18,late Within Word Patterns ,8,
allow,alow,5.6,F18,late Within Word Patterns ,8,
incredible,incretibal,5.6,F18,late Within Word Patterns ,8,
speed,spead,5.6,F18,late Within Word Patterns ,8,
versions,versons,5.6,F18,late Within Word Patterns ,8,
standard,standered,5.6,F18,late Within Word Patterns ,8,
electric,eletric,5.6,F18,late Within Word Patterns ,8,
terrain,train,5.6,F18,late Within Word Patterns ,8,
favorite,favrot,5.6,F18,late Within Word Patterns ,8,
summary,summery,5.6,F18,late Within Word Patterns ,8,
terrain,train,5.6,F18,late Within Word Patterns ,8,
charge,charg,5.7,F18,late Syllables and Affixes ,3,
cockroach,chocroch,5.7,F18,late Syllables and Affixes ,3,
extremely,extremly,5.7,F18,late Syllables and Affixes ,3,
awesome,asome,5.7,F18,late Syllables and Affixes ,3,
success,sucsses,5.7,F18,late Syllables and Affixes ,3,
Safety,safty,5.7,F18,late Syllables and Affixes ,3,
sincerely,sincerly,5.7,F18,late Syllables and Affixes ,3,
uniforms,informs,5.9,F18,middle syllables and affixes,6,